,skills,frequency
0,java,0.36906290115532736
1,javascript,0.2522464698331194
2,sql,0.24197689345314505
3,python,0.1951219512195122
4,linux,0.16752246469833118
5,c++,0.15982028241335045
6,c#,0.1540436456996149
7,agile,0.10783055198973042
8,html,0.09435173299101413
9,.net,0.09050064184852374
