,skills,frequency
0,windows,0.22403560830860533
1,help desk,0.20029673590504452
2,sql,0.1394658753709199
3,hardware,0.13204747774480713
4,customer service,0.10089020771513353
5,technical support,0.09792284866468842
6,linux,0.09643916913946587
7,active directory,0.09495548961424333
8,desktop support,0.09495548961424333
9,desktop,0.08753709198813056
