,skills,frequency
0,project management,0.2648809523809524
1,pmp,0.16815476190476192
2,agile,0.1636904761904762
3,sdlc,0.06845238095238096
4,scrum,0.06101190476190476
5,excel,0.05654761904761905
6,security,0.05357142857142857
7,sql,0.049107142857142856
8,ms project,0.049107142857142856
9,infrastructure,0.044642857142857144
