,skills,frequency
0,java,0.37997432605905007
1,javascript,0.25802310654685495
2,sql,0.24261874197689345
3,python,0.20154043645699615
4,linux,0.17265725288831835
5,c++,0.16559691912708602
6,c#,0.15982028241335045
7,agile,0.10847240051347883
8,html,0.09563543003851091
9,.net,0.09435173299101413
