skill,time
security,38.78846154
linux,35.96875
python,51.15151515
management,37.25
development,35.7890625
software,40.93283582
oracle,20
